<?xml version="1.0" encoding="UTF-8"?>
<extension version="1.6.0" type="module" method="upgrade" client="site">
	<name>ARI Quiz Results</name>
	<creationDate>December 2012</creationDate>
	<author>ARI Soft</author>
	<copyright>ARI Soft</copyright>
	<authorEmail>info@ari-soft.com</authorEmail>
	<authorUrl>www.ari-soft.com</authorUrl>
	<version>2.1.1</version>
	<license>http://www.gnu.org/licenses/gpl-2.0.html GNU/GPL</license>
	<description>MODULE_ARIQUIZRESULT</description>
	<languages>
		<language tag="en-GB">language/en-GB/en-GB.mod_ariquizresult.ini</language>
		<language tag="en-GB">language/en-GB/en-GB.mod_ariquizresult.sys.ini</language>
	</languages>
	<files>
		<filename module="mod_ariquizresult">mod_ariquizresult.php</filename>
		<filename>module.php</filename>
		<filename>index.html</filename>
		<folder>assets</folder>
		<folder>tmpl</folder>
	</files>
	<config>
		<fields name="params">
			<fieldset name="basic">
				<field name="moduleclass_sfx" type="text" default="" label="MOD_ARIQUIZRESULT_CLASSSUFFIX" description="PARAMMODULECLASSSUFFIX" />
				<field name="label" filter="raw" type="text" default="" label="MOD_ARIQUIZRESULT_LABEL" description="MOD_ARIQUIZRESULT_DESCR_LABEL" />
				<field name="count" type="text" default="5" label="MOD_ARIQUIZRESULT_COUNT" description="MOD_ARIQUIZRESULT_DESCR_COUNT" />
				<field name="categoryId" type="text" default="" label="MOD_ARIQUIZRESULT_CATEGORIES" description="MOD_ARIQUIZRESULT_DESCR_CATEGORIES" />
				<field name="pointUnit" type="list" default="percent" label="MOD_ARIQUIZRESULT_MEASUREUNIT" description="MOD_ARIQUIZRESULT_DESCR_MEASUREUNIT">
					<option value="percent">MOD_ARIQUIZRESULT_PERCENT</option> 
					<option value="point">MOD_ARIQUIZRESULT_POINT</option> 
				</field>
				<field name="nameField" type="list" default="username" label="MOD_ARIQUIZRESULT_NAMEFIELD" description="MOD_ARIQUIZRESULT_DESCR_NAMEFIELD">
					<option value="username">MOD_ARIQUIZRESULT_USERNAME</option>
					<option value="login">MOD_ARIQUIZRESULT_LOGIN</option>
				</field>
				<field name="showQuizLink" type="list" default="0" label="MOD_ARIQUIZRESULT_SHOWQUIZLINK" description="MOD_ARIQUIZRESULT_DESCR_SHOWQUIZLINK">
					<option value="0">MOD_ARIQUIZRESULT_NO</option> 
					<option value="1">MOD_ARIQUIZRESULT_YES</option> 
				</field>
				<field name="addMenuItemToLink" type="list" default="0" label="MOD_ARIQUIZRESULT_ADDITEMIDTOLINK" description="MOD_ARIQUIZRESULT_DESCR_ADDITEMIDTOLINK">
					<option value="0">MOD_ARIQUIZRESULT_NO</option> 
					<option value="1">MOD_ARIQUIZRESULT_YES</option> 
				</field>
				<field name="itemId" type="menuItem" default="" label="MOD_ARIQUIZRESULT_MENUITEM" description="MOD_ARIQUIZRESULT_DESCR_MENUITEM" />
				<field name="ignoreGuest" type="list" default="1" label="MOD_ARIQUIZRESULT_IGNOREGUEST" description="MOD_ARIQUIZRESULT_DESCR_IGNOREGUEST">
					<option value="1">Yes</option>
					<option value="0">No</option>
				</field>
				<field name="emptyMessage" filter="raw" type="textarea" rows="3" cols="45" default="" label="MOD_ARIQUIZRESULT_EMPTYMESSAGE" description="MOD_ARIQUIZRESULT_DESCR_EMPTYMESSAGE" />
			</fieldset>
		</fields>
	</config>
</extension>