<?xml version="1.0" encoding="utf-8"?>
<extension version="1.6.0" type="plugin" group="system" method="upgrade" client="site">
	<name>System - ARI Quiz EasySocial User Points</name>
	<author>ARI Soft</author>
	<creationDate>April 2016</creationDate>
	<copyright>ARI Soft</copyright>
	<license>http://www.gnu.org/licenses/gpl-2.0.html GNU/GPL</license>
	<authorEmail>info@ari-soft.com</authorEmail>
	<authorUrl>www.ari-soft.com</authorUrl>
	<scriptfile>script.php</scriptfile>
	<version>1.0.2</version>
	<description>ARI_QUIZ_EASYSOCIAL_USER_POINTS_PLUGIN</description>
	<files>
		<filename plugin="ariquizeasysocialuserpoints">ariquizeasysocialuserpoints.php</filename>
		<filename>ariquizeasysocialuserpoints.xml</filename>
		<filename>index.html</filename>
	</files>
	<languages>
		<language tag="en-GB">language/en-GB/en-GB.plg_system_ariquizeasysocialuserpoints.ini</language>
		<language tag="en-GB">language/en-GB/en-GB.plg_system_ariquizeasysocialuserpoints.sys.ini</language>
	</languages>
	<config>
		<fields name="params">
			<fieldset name="basic">
			</fieldset>
		</fields>
	</config>
</extension>