<?xml version="1.0" encoding="utf-8"?>
<extension version="1.6.0" type="plugin" group="system" method="upgrade" client="site">
	<name>System - ARI Quiz Anywhere</name>
	<creationDate>July 2017</creationDate>
	<author>ARI Soft</author>
	<copyright>ARI Soft</copyright>
	<authorEmail>info@ari-soft.com</authorEmail>
	<authorUrl>www.ari-soft.com</authorUrl>
	<version>1.2.7</version>
	<description>ARI_QUIZ_ANYWHERE_PLUGIN</description>
	<license>http://www.gnu.org/licenses/gpl-2.0.html GNU/GPL</license>
	<scriptfile>script.php</scriptfile>
	<files folder="install">
		<filename plugin="ariquizanywhere">ariquizanywhere.php</filename>
		<filename>ariquizanywhere.xml</filename>
		<folder>ariquizanywhere/</folder>
		<folder>help/</folder>
	</files>
	<languages>
		<language tag="en-GB">install/languages/en-GB/en-GB.plg_system_ariquizanywhere.ini</language>
		<language tag="en-GB">install/languages/en-GB/en-GB.plg_system_ariquizanywhere.sys.ini</language>
	</languages>
</extension>