<?xml version="1.0" encoding="utf-8"?>
<extension version="1.6.0" type="plugin" group="system" method="upgrade" client="site">
	<name>System - ARI Quiz MathJax</name>
	<creationDate>April 2016</creationDate>
	<author>ARI Soft</author>
	<copyright>ARI Soft</copyright>
	<authorEmail>info@ari-soft.com</authorEmail>
	<authorUrl>www.ari-soft.com</authorUrl>
	<version>1.0.2</version>
	<description>ARI_QUIZ_MATHJAX_PLUGIN</description>
	<license>http://www.gnu.org/licenses/gpl-2.0.html GNU/GPL</license>
	<scriptfile>script.php</scriptfile>
	<files folder="install">
		<filename plugin="ariquizmathjax">ariquizmathjax.php</filename>
		<filename>ariquizmathjax.xml</filename>
		<folder>ariquizmathjax/</folder>
	</files>
	<languages>
		<language tag="en-GB">install/languages/en-GB/en-GB.plg_system_ariquizmathjax.ini</language>
		<language tag="en-GB">install/languages/en-GB/en-GB.plg_system_ariquizmathjax.sys.ini</language>
	</languages>
</extension>