<?xml version="1.0" encoding="utf-8"?>
<install version="1.5" type="plugin" group="system" method="upgrade">
	<name>System - ARI Quiz Anywhere</name>
	<creationDate>April 2016</creationDate>
	<author>ARI Soft</author>
	<copyright>ARI Soft</copyright>
	<authorEmail>info@ari-soft.com</authorEmail>
	<authorUrl>www.ari-soft.com</authorUrl>
	<version>1.2.6</version>
	<description>ARI_QUIZ_ANYWHERE_PLUGIN</description>
	<license>http://www.gnu.org/licenses/gpl-2.0.html GNU/GPL</license>
	<files>
		<filename plugin="ariquizanywhere">ariquizanywhere.php</filename>
		<folder>ariquizanywhere/</folder>
		<folder>help/</folder>
	</files>
	<languages>
		<language tag="en-GB">languages/en-GB/en-GB.plg_system_ariquizanywhere.ini</language>
		<language tag="en-GB">languages/en-GB/en-GB.plg_system_ariquizanywhere.sys.ini</language>
	</languages>
	<params addpath="/plugins/system/ariquizanywhere/elements">
		<param name="loadJQuery" type="list" default="1" label="PLG_ARIQUIZANYWHERE_LABEL_JQUERYLOAD" description="PLG_ARIQUIZANYWHERE_DESCR_JQUERYLOAD">
  			<option value="0">PLG_ARIQUIZANYWHERE_LABEL_NO</option> 
  			<option value="1">PLG_ARIQUIZANYWHERE_LABEL_YES</option> 
			<option value="2">PLG_ARIQUIZANYWHERE_LABEL_YES_GOOGLE_API</option> 
  		</param>
		<param name="jQueryNoConflict" type="list" default="1" label="PLG_ARIQUIZANYWHERE_LABEL_JQUERYNOCONFLICT" description="PLG_ARIQUIZANYWHERE_DESCR_JQUERYNOCONFLICT">
  			<option value="0">PLG_ARIQUIZANYWHERE_LABEL_NO</option> 
  			<option value="1">PLG_ARIQUIZANYWHERE_LABEL_YES</option> 
  		</param>
  		<param name="scrolling" type="list" default="no" label="PLG_ARIQUIZANYWHERE_LABEL_SCROLLING" description="PLG_ARIQUIZANYWHERE_DESCR_SCROLLING">
  			<option value="auto">PLG_ARIQUIZANYWHERE_LABEL_AUTO</option> 
  			<option value="no">PLG_ARIQUIZANYWHERE_LABEL_NO</option> 
  			<option value="yes">PLG_ARIQUIZANYWHERE_LABEL_YES</option> 
  		</param>
		<param name="removeTitle" type="list" default="0" label="PLG_ARIQUIZANYWHERE_LABEL_REMOVETITLE" description="PLG_ARIQUIZANYWHERE_DESCR_REMOVETITLE">
			<option value="0">PLG_ARIQUIZANYWHERE_LABEL_NO</option>
			<option value="1">PLG_ARIQUIZANYWHERE_LABEL_YES</option>
		</param>
  		<param name="loadingMessage" type="text" default="Loading..." size="45" label="PLG_ARIQUIZANYWHERE_LABEL_LOADING" description="PLG_ARIQUIZANYWHERE_DESCR_LOADING" />
  		
  		<param type="modal" name="" label="" description="" />
	</params>
</install>