<?xml version="1.0" encoding="UTF-8"?>
<extension version="1.6.0" type="module" method="upgrade" client="site">
	<name>ARI Quiz User Results</name>
	<creationDate>December 2012</creationDate>
	<author>ARI Soft</author>
	<copyright>ARI Soft</copyright>
	<authorEmail>info@ari-soft.com</authorEmail>
	<authorUrl>www.ari-soft.com</authorUrl>
	<version>2.1.1</version>
	<license>http://www.gnu.org/licenses/gpl-2.0.html GNU/GPL</license>
	<description>MODULE_ARIQUIZUSERRESULT</description>
	<scriptfile>script.php</scriptfile>
	<languages>
		<language tag="en-GB">install/language/en-GB/en-GB.mod_ariquizuserresult.ini</language>
		<language tag="en-GB">install/language/en-GB/en-GB.mod_ariquizuserresult.sys.ini</language>
	</languages>
	<files folder="install">
		<filename module="mod_ariquizuserresult">mod_ariquizuserresult.php</filename>
		<filename>mod_ariquizuserresult.xml</filename>
		<filename>module.php</filename>
		<filename>index.html</filename>
		<folder>assets</folder>
		<folder>tmpl</folder>
	</files>
</extension>