<?xml version="1.0" encoding="UTF-8"?>
<install version="1.5" type="module" method="upgrade" client="site">
	<name>ARI Quiz Top Results</name>
	<creationDate>December 2012</creationDate>
	<author>ARI Soft</author>
	<copyright>ARI Soft</copyright>
	<authorEmail>info@ari-soft.com</authorEmail>
	<authorUrl>www.ari-soft.com</authorUrl>
	<version>2.1.1</version>
	<license>http://www.gnu.org/licenses/gpl-2.0.html GNU/GPL</license>
	<description>MODULE_ARIQUIZTOPRESULT</description>
	<languages>
		<language tag="en-GB">language/en-GB/en-GB.mod_ariquiztopresult.ini</language>
		<language tag="en-GB">language/en-GB/en-GB.mod_ariquiztopresult.sys.ini</language>
	</languages>
	<files>
		<filename module="mod_ariquiztopresult">mod_ariquiztopresult.php</filename>
		<filename>module.php</filename>
		<filename>index.html</filename>
		<folder>assets</folder>
		<folder>tmpl</folder>
	</files>
	<params addpath="/administrator/components/com_ariquiz/elements">
		<param name="moduleclass_sfx" type="text" default="" label="MOD_ARIQUIZTOPRESULT_CLASSSUFFIX" description="PARAMMODULECLASSSUFFIX" />
		<param name="label" type="text" default="" label="MOD_ARIQUIZTOPRESULT_LABEL" description="MOD_ARIQUIZTOPRESULT_DESCR_LABEL" />
		<param name="count" type="text" default="5" label="MOD_ARIQUIZTOPRESULT_COUNT" description="MOD_ARIQUIZTOPRESULT_DESCR_COUNT" />
		<param name="categoryId" type="text" default="" label="MOD_ARIQUIZTOPRESULT_CATEGORIES" description="MOD_ARIQUIZTOPRESULT_DESCR_CATEGORIES" />
		<param name="pointUnit" type="list" default="percent" label="MOD_ARIQUIZTOPRESULT_MEASUREUNIT" description="MOD_ARIQUIZTOPRESULT_DESCR_MEASUREUNIT">
			<option value="percent">MOD_ARIQUIZTOPRESULT_PERCENT</option> 
			<option value="point">MOD_ARIQUIZTOPRESULT_POINT</option> 
		</param>
		<param name="nameField" type="list" default="username" label="MOD_ARIQUIZTOPRESULT_NAMEFIELD" description="MOD_ARIQUIZTOPRESULT_DESCR_NAMEFIELD">
			<option value="username">MOD_ARIQUIZTOPRESULT_USERNAME</option>
			<option value="login">MOD_ARIQUIZTOPRESULT_LOGIN</option>
		</param>
		<param name="hideQuizName" type="list" default="0" label="MOD_ARIQUIZTOPRESULT_HIDEQUIZNAME" description="MOD_ARIQUIZTOPRESULT_DESCR_HIDEQUIZNAME">
			<option value="1">Yes</option>
			<option value="0">No</option>
		</param>
		<param name="showQuizLink" type="list" default="0" label="MOD_ARIQUIZTOPRESULT_SHOWQUIZLINK" description="MOD_ARIQUIZTOPRESULT_DESCR_SHOWQUIZLINK">
			<option value="0">MOD_ARIQUIZTOPRESULT_NO</option> 
			<option value="1">MOD_ARIQUIZTOPRESULT_YES</option> 
		</param>
		<param name="ignoreGuest" type="list" default="1" label="MOD_ARIQUIZTOPRESULT_IGNOREGUEST" description="MOD_ARIQUIZTOPRESULT_DESCR_IGNOREGUEST">
			<option value="1">Yes</option>
			<option value="0">No</option>
		</param>
		<param name="aggregateResults" type="list" default="1" label="MOD_ARIQUIZTOPRESULT_AGGREGATERESULTS" description="MOD_ARIQUIZTOPRESULT_DESCR_AGGREGATERESULTS">
			<option value="1">Yes</option>
			<option value="0">No</option>
		</param>
		<param name="aggregateUserResults" type="list" default="0" label="MOD_ARIQUIZTOPRESULT_AGGREGATEUSERRESULTS" description="MOD_ARIQUIZTOPRESULT_DESCR_AGGREGATEUSERRESULTS">
			<option value="1">Yes</option>
			<option value="0">No</option>
		</param>
		<param name="emptyMessage" type="textarea" rows="3" cols="45" default="" label="MOD_ARIQUIZTOPRESULT_EMPTYMESSAGE" description="MOD_ARIQUIZTOPRESULT_DESCR_EMPTYMESSAGE" />
		<param name="" type="header" default="MOD_ARIQUIZTOPRESULT_DATEFILTERS" label="" description="" />
		<param name="time_zone" type="timezones" default="" label="MOD_ARIQUIZTOPRESULT_TIMEZONE" description="MOD_ARIQUIZTOPRESULT_DESCR_TIMEZONE" />
		<param name="dateFilterType" type="groups" default="none" label="MOD_ARIQUIZTOPRESULT_FILTERTYPE" description="">
			<group type="group" group_id="none" default="" label="MOD_ARIQUIZTOPRESULT_NONE" description="">
			</group>
  			<group type="group" group_id="range" default="" label="MOD_ARIQUIZTOPRESULT_DATERANGE" description="">
  				<param name="daterange_start_date" type="calendar" default="" label="MOD_ARIQUIZTOPRESULT_STARTDATE" description="MOD_ARIQUIZTOPRESULT_DESCR_STARTDATE" />
  				<param name="daterange_end_date" type="calendar" default="" label="MOD_ARIQUIZTOPRESULT_ENDDATE" description="MOD_ARIQUIZTOPRESULT_DESCR_ENDDATE" />
			</group>
			<group type="group" group_id="recurrence" default="" label="MOD_ARIQUIZTOPRESULT_RECURRENCE" description="">
				<param name="recurrence_type" type="list" default="month" label="MOD_ARIQUIZTOPRESULT_RECURRENCEPERIOD" description="MOD_ARIQUIZTOPRESULT_DESCR_RECURRENCEPERIOD">
					<option value="day">MOD_ARIQUIZTOPRESULT_DAY</option>
					<option value="week">MOD_ARIQUIZTOPRESULT_WEEK</option>
					<option value="month">MOD_ARIQUIZTOPRESULT_MONTH</option>
					<option value="year">MOD_ARIQUIZTOPRESULT_YEAR</option>
				</param>
			</group>
		</param>
	</params>
</install>